{
  "nodes": [
    0,
    1,
    2,
    3,
    4,
    5,
    6,
    7,
    8,
    9,
    10,
    11,
    12,
    13,
    14,
    15,
    16,
    17,
    18,
    19
  ],
  "edges": [
    [
      0,
      1
    ],
    [
      0,
      2
    ],
    [
      0,
      3
    ],
    [
      0,
      4
    ],
    [
      0,
      5
    ],
    [
      0,
      6
    ],
    [
      0,
      7
    ],
    [
      0,
      8
    ],
    [
      0,
      9
    ],
    [
      0,
      10
    ],
    [
      0,
      11
    ],
    [
      0,
      12
    ],
    [
      0,
      13
    ],
    [
      0,
      16
    ],
    [
      0,
      18
    ],
    [
      1,
      4
    ],
    [
      1,
      5
    ],
    [
      1,
      6
    ],
    [
      1,
      9
    ],
    [
      1,
      12
    ],
    [
      1,
      17
    ],
    [
      1,
      19
    ],
    [
      2,
      4
    ],
    [
      2,
      7
    ],
    [
      2,
      9
    ],
    [
      2,
      11
    ],
    [
      2,
      12
    ],
    [
      2,
      15
    ],
    [
      2,
      18
    ],
    [
      4,
      5
    ],
    [
      4,
      6
    ],
    [
      4,
      7
    ],
    [
      4,
      10
    ],
    [
      4,
      13
    ],
    [
      4,
      17
    ],
    [
      4,
      19
    ],
    [
      6,
      8
    ],
    [
      6,
      11
    ],
    [
      6,
      14
    ],
    [
      6,
      15
    ],
    [
      6,
      16
    ],
    [
      6,
      17
    ],
    [
      7,
      8
    ],
    [
      7,
      10
    ],
    [
      7,
      13
    ],
    [
      8,
      14
    ],
    [
      8,
      15
    ],
    [
      8,
      18
    ],
    [
      9,
      14
    ],
    [
      10,
      16
    ],
    [
      18,
      19
    ]
  ],
  "network_type": "scale_free",
  "network_params": {
    "m": 3
  },
  "metrics": {
    "num_nodes": 20,
    "num_edges": 51,
    "avg_degree": 5.1,
    "density": 0.26842105263157895,
    "avg_clustering": 0.48234126984126985,
    "avg_path_length": 1.8157894736842106,
    "diameter": 3
  }
}