{
  "nodes": [
    0,
    1,
    2,
    3,
    4,
    5,
    6,
    7,
    8,
    9,
    10,
    11,
    12,
    13,
    14,
    15,
    16,
    17,
    18,
    19
  ],
  "edges": [
    [
      0,
      1
    ],
    [
      0,
      2
    ],
    [
      0,
      3
    ],
    [
      0,
      4
    ],
    [
      0,
      5
    ],
    [
      0,
      7
    ],
    [
      0,
      8
    ],
    [
      0,
      9
    ],
    [
      0,
      12
    ],
    [
      0,
      14
    ],
    [
      1,
      4
    ],
    [
      1,
      5
    ],
    [
      1,
      6
    ],
    [
      1,
      7
    ],
    [
      1,
      8
    ],
    [
      1,
      11
    ],
    [
      1,
      15
    ],
    [
      1,
      17
    ],
    [
      1,
      18
    ],
    [
      1,
      19
    ],
    [
      2,
      4
    ],
    [
      2,
      14
    ],
    [
      2,
      19
    ],
    [
      3,
      5
    ],
    [
      3,
      6
    ],
    [
      3,
      8
    ],
    [
      3,
      9
    ],
    [
      3,
      15
    ],
    [
      4,
      6
    ],
    [
      4,
      10
    ],
    [
      4,
      13
    ],
    [
      4,
      16
    ],
    [
      4,
      17
    ],
    [
      5,
      7
    ],
    [
      5,
      10
    ],
    [
      5,
      16
    ],
    [
      6,
      16
    ],
    [
      7,
      9
    ],
    [
      7,
      10
    ],
    [
      7,
      11
    ],
    [
      7,
      12
    ],
    [
      8,
      12
    ],
    [
      10,
      11
    ],
    [
      10,
      13
    ],
    [
      10,
      14
    ],
    [
      10,
      18
    ],
    [
      10,
      19
    ],
    [
      11,
      13
    ],
    [
      11,
      15
    ],
    [
      11,
      18
    ],
    [
      15,
      17
    ]
  ],
  "network_type": "scale_free",
  "network_params": {
    "m": 3
  },
  "metrics": {
    "num_nodes": 20,
    "num_edges": 51,
    "avg_degree": 5.1,
    "density": 0.26842105263157895,
    "avg_clustering": 0.38480158730158726,
    "avg_path_length": 1.8842105263157896,
    "diameter": 3
  }
}