Metric,Value
num_agents,12
num_rounds,500
average_cooperation,0.5033333333333334

Agent Stats
agent_id,total_score,cooperation_rate
0,1116.545454545455,0.516
1,1598.1818181818167,0.0
2,687.2727272727279,1.0
3,1122.0000000000002,0.51
4,1598.1818181818167,0.0
5,687.2727272727279,1.0
6,1111.1818181818192,0.522
7,1598.1818181818167,0.0
8,687.2727272727279,1.0
9,1139.3636363636365,0.492
10,1598.1818181818167,0.0
11,687.2727272727279,1.0
