{
  "nodes": [
    0,
    1,
    2,
    3,
    4,
    5,
    6,
    7,
    8,
    9,
    10,
    11,
    12,
    13,
    14,
    15,
    16,
    17,
    18,
    19,
    20,
    21,
    22,
    23,
    24,
    25,
    26,
    27,
    28,
    29
  ],
  "edges": [
    [
      0,
      20
    ],
    [
      0,
      16
    ],
    [
      0,
      25
    ],
    [
      0,
      27
    ],
    [
      0,
      18
    ],
    [
      1,
      29
    ],
    [
      1,
      20
    ],
    [
      1,
      27
    ],
    [
      1,
      16
    ],
    [
      1,
      18
    ],
    [
      1,
      19
    ],
    [
      2,
      4
    ],
    [
      2,
      26
    ],
    [
      2,
      8
    ],
    [
      2,
      24
    ],
    [
      2,
      22
    ],
    [
      2,
      3
    ],
    [
      3,
      4
    ],
    [
      3,
      19
    ],
    [
      4,
      27
    ],
    [
      4,
      19
    ],
    [
      4,
      15
    ],
    [
      5,
      16
    ],
    [
      5,
      14
    ],
    [
      7,
      8
    ],
    [
      7,
      11
    ],
    [
      7,
      14
    ],
    [
      8,
      24
    ],
    [
      9,
      18
    ],
    [
      9,
      20
    ],
    [
      9,
      15
    ],
    [
      9,
      24
    ],
    [
      10,
      12
    ],
    [
      10,
      18
    ],
    [
      10,
      22
    ],
    [
      11,
      13
    ],
    [
      12,
      14
    ],
    [
      12,
      15
    ],
    [
      13,
      14
    ],
    [
      13,
      15
    ],
    [
      13,
      21
    ],
    [
      13,
      28
    ],
    [
      14,
      16
    ],
    [
      14,
      18
    ],
    [
      15,
      16
    ],
    [
      16,
      17
    ],
    [
      16,
      18
    ],
    [
      17,
      27
    ],
    [
      17,
      28
    ],
    [
      20,
      22
    ],
    [
      21,
      22
    ],
    [
      21,
      23
    ],
    [
      22,
      23
    ],
    [
      22,
      28
    ],
    [
      23,
      25
    ],
    [
      24,
      27
    ],
    [
      25,
      26
    ],
    [
      25,
      27
    ],
    [
      26,
      27
    ],
    [
      26,
      28
    ]
  ],
  "network_type": "small_world",
  "network_params": {
    "k": 4,
    "beta": 0.3
  },
  "metrics": {
    "num_nodes": 30,
    "num_edges": 60,
    "avg_degree": 4.0,
    "density": 0.13793103448275862,
    "largest_cc_size": 29,
    "avg_clustering": 0.16507936507936508,
    "avg_path_length_largest_cc": 2.4211822660098523,
    "diameter_largest_cc": 5
  }
}