{
  "nodes": [
    0,
    1,
    2,
    3,
    4,
    5,
    6,
    7,
    8,
    9,
    10,
    11,
    12,
    13,
    14,
    15,
    16,
    17,
    18,
    19
  ],
  "edges": [
    [
      0,
      1
    ],
    [
      0,
      2
    ],
    [
      0,
      3
    ],
    [
      0,
      4
    ],
    [
      0,
      6
    ],
    [
      0,
      12
    ],
    [
      0,
      13
    ],
    [
      0,
      18
    ],
    [
      1,
      10
    ],
    [
      2,
      3
    ],
    [
      2,
      5
    ],
    [
      2,
      7
    ],
    [
      2,
      11
    ],
    [
      2,
      16
    ],
    [
      3,
      4
    ],
    [
      3,
      5
    ],
    [
      3,
      6
    ],
    [
      3,
      9
    ],
    [
      3,
      10
    ],
    [
      3,
      15
    ],
    [
      4,
      8
    ],
    [
      4,
      9
    ],
    [
      4,
      14
    ],
    [
      4,
      15
    ],
    [
      4,
      17
    ],
    [
      4,
      19
    ],
    [
      5,
      7
    ],
    [
      5,
      16
    ],
    [
      6,
      13
    ],
    [
      7,
      8
    ],
    [
      8,
      12
    ],
    [
      10,
      11
    ],
    [
      11,
      14
    ],
    [
      11,
      17
    ],
    [
      11,
      18
    ],
    [
      14,
      19
    ]
  ],
  "network_type": "scale_free",
  "network_params": {
    "m": 2
  },
  "metrics": {
    "num_nodes": 20,
    "num_edges": 36,
    "avg_degree": 3.6,
    "density": 0.18947368421052632,
    "avg_clustering": 0.38,
    "avg_path_length": 2.163157894736842,
    "diameter": 4
  }
}