{
  "nodes": [
    0,
    1,
    2,
    3,
    4,
    5,
    6,
    7,
    8,
    9,
    10,
    11,
    12,
    13,
    14,
    15,
    16,
    17,
    18,
    19,
    20,
    21,
    22,
    23,
    24,
    25,
    26,
    27,
    28,
    29
  ],
  "edges": [
    [
      0,
      1
    ],
    [
      0,
      29
    ],
    [
      0,
      2
    ],
    [
      0,
      28
    ],
    [
      0,
      20
    ],
    [
      1,
      3
    ],
    [
      1,
      29
    ],
    [
      1,
      6
    ],
    [
      2,
      3
    ],
    [
      2,
      4
    ],
    [
      2,
      8
    ],
    [
      3,
      4
    ],
    [
      3,
      8
    ],
    [
      3,
      20
    ],
    [
      4,
      24
    ],
    [
      4,
      16
    ],
    [
      4,
      19
    ],
    [
      5,
      6
    ],
    [
      5,
      7
    ],
    [
      6,
      7
    ],
    [
      6,
      8
    ],
    [
      6,
      11
    ],
    [
      7,
      8
    ],
    [
      7,
      9
    ],
    [
      8,
      13
    ],
    [
      9,
      10
    ],
    [
      9,
      21
    ],
    [
      9,
      17
    ],
    [
      10,
      11
    ],
    [
      10,
      12
    ],
    [
      10,
      15
    ],
    [
      11,
      12
    ],
    [
      12,
      13
    ],
    [
      12,
      14
    ],
    [
      13,
      14
    ],
    [
      13,
      15
    ],
    [
      13,
      17
    ],
    [
      14,
      15
    ],
    [
      14,
      16
    ],
    [
      15,
      27
    ],
    [
      16,
      25
    ],
    [
      17,
      26
    ],
    [
      18,
      19
    ],
    [
      18,
      20
    ],
    [
      19,
      20
    ],
    [
      19,
      21
    ],
    [
      21,
      23
    ],
    [
      22,
      23
    ],
    [
      22,
      24
    ],
    [
      23,
      24
    ],
    [
      23,
      25
    ],
    [
      24,
      25
    ],
    [
      24,
      26
    ],
    [
      25,
      26
    ],
    [
      25,
      28
    ],
    [
      26,
      27
    ],
    [
      26,
      28
    ],
    [
      27,
      28
    ],
    [
      27,
      29
    ],
    [
      28,
      29
    ]
  ],
  "network_type": "small_world",
  "network_params": {
    "k": 4,
    "beta": 0.3
  },
  "metrics": {
    "num_nodes": 30,
    "num_edges": 60,
    "avg_degree": 4.0,
    "density": 0.13793103448275862,
    "avg_clustering": 0.3022222222222222,
    "avg_path_length": 2.689655172413793,
    "diameter": 5
  }
}