scenario_name,run_number,agent_id,strategy,final_score,final_q_values_avg,full_q_values
ChrisTesting3AgentsTrialsNo6,5,0,q_learning,1223.0,"{'avg_cooperate': 9.893187229082727, 'avg_defect': 13.85804871683163}","{'initial': {'cooperate': 0.30000000000000004, 'defect': 0.0}, (1.0,): {'cooperate': 9.675153140447891, 'defect': 19.015281568730536}, (0.6,): {'cooperate': 17.593466205324788, 'defect': 22.358760185649757}, (0.2,): {'cooperate': 12.00412957055823, 'defect': 14.058153112946227}}"
ChrisTesting3AgentsTrialsNo6,5,1,q_learning,760.5,"{'avg_cooperate': 6.302995693529196, 'avg_defect': 7.1676905460486715}","{'initial': {'cooperate': 0.30000000000000004, 'defect': 0.0}, (1.0,): {'cooperate': 2.2742723267724037, 'defect': 1.1351611764667635}, (0.6,): {'cooperate': 10.91994647627736, 'defect': 13.580963370619225}, (0.2,): {'cooperate': 11.717763971067022, 'defect': 13.9546376371087}}"
ChrisTesting3AgentsTrialsNo6,5,2,q_learning,783.5,"{'avg_cooperate': 6.7038298162321865, 'avg_defect': 7.518644077174333}","{'initial': {'cooperate': 0.30000000000000004, 'defect': 0.0}, (1.0,): {'cooperate': 2.5353671234160844, 'defect': 0.33048792031055313}, (0.6,): {'cooperate': 15.083816456797285, 'defect': 17.18104819341374}, (0.2,): {'cooperate': 8.896135684715375, 'defect': 12.56304019497304}}"
