{
  "agent_counts": [
    3,
    6,
    9,
    12
  ],
  "avg_cooperation": [
    0.4973333333333333,
    0.49566666666666664,
    0.49911111111111106,
    0.5033333333333334
  ],
  "avg_score": [
    1164.0,
    1136.2333333333352,
    1134.3333333333333,
    1135.9090909090908
  ],
  "score_variance": [
    662.9977375527009,
    448.06073125067536,
    395.3750285418193,
    372.0522398078055
  ],
  "convergence_time": [
    10,
    10,
    10,
    10
  ]
}