{
  "total_rounds": 200,
  "total_agents": 200,
  "final_cooperation_rate": 0.0,
  "strategy_cooperation_rates": {
    "tit_for_two_tats": 0.0,
    "ucb1_q": 0.0
  },
  "strategy_average_scores": {
    "tit_for_two_tats": 147.25789473684208,
    "ucb1_q": 189.59415204678362
  },
  "average_final_q_cooperate": -0.022524403381831197,
  "average_final_q_defect": 0.7059240792108038
}