{
  "total_rounds": 500,
  "total_agents": 200,
  "final_cooperation_rate": 0.31,
  "strategy_cooperation_rates": {
    "q_learning": 0.38,
    "tit_for_tat": 0.28,
    "always_defect": 0.0,
    "random": 0.58
  },
  "strategy_average_scores": {
    "q_learning": 823.3210526315821,
    "tit_for_tat": 906.6515789473725,
    "always_defect": 1135.9157894736886,
    "random": 759.7094736842128
  },
  "average_final_q_cooperate": 5.641295322072329,
  "average_final_q_defect": 6.9608055077755235
}