{
  "total_rounds": 500,
  "total_agents": 500,
  "final_cooperation_rate": 0.256,
  "strategy_cooperation_rates": {
    "q_learning_adaptive": 0.8,
    "tit_for_two_tats": 0.35,
    "lra_q": 0.23555555555555555
  },
  "strategy_average_scores": {
    "q_learning_adaptive": 254.19795918367262,
    "tit_for_two_tats": 310.04030612244844,
    "lra_q": 379.92117913832135
  },
  "average_final_q_cooperate": 2.1294415833292764,
  "average_final_q_defect": 4.629483214910257
}