{
  "total_rounds": 200,
  "total_agents": 400,
  "final_cooperation_rate": 0.195,
  "strategy_cooperation_rates": {
    "always_defect": 0.0,
    "wolf_phc": 0.37142857142857144,
    "lra_q": 0.2
  },
  "strategy_average_scores": {
    "always_defect": 238.97728937728982,
    "wolf_phc": 124.33736263736262,
    "lra_q": 138.8330374753452
  },
  "average_final_q_cooperate": 1.815906122779114,
  "average_final_q_defect": 3.79982373594862
}