{
  "total_rounds": 500,
  "total_agents": 300,
  "final_cooperation_rate": 0.4666666666666667,
  "strategy_cooperation_rates": {
    "lra_q": 0.04,
    "q_learning": 0.8933333333333333
  },
  "strategy_average_scores": {
    "lra_q": 1630.5079243933592,
    "q_learning": 1321.873277650066
  },
  "average_final_q_cooperate": 15.639771934275002,
  "average_final_q_defect": 12.63024953523162
}