{
  "total_rounds": 500,
  "total_agents": 300,
  "final_cooperation_rate": 0.38,
  "strategy_cooperation_rates": {
    "lra_q": 0.15333333333333332,
    "q_learning": 0.6066666666666667
  },
  "strategy_average_scores": {
    "lra_q": 1227.9942528735621,
    "q_learning": 897.5066666666675
  },
  "average_final_q_cooperate": 9.329453985683362,
  "average_final_q_defect": 9.867590482854688
}