{
  "total_rounds": 500,
  "total_agents": 300,
  "final_cooperation_rate": 0.17666666666666667,
  "strategy_cooperation_rates": {
    "lra_q": 0.17666666666666667
  },
  "strategy_average_scores": {
    "lra_q": 416.9710344827579
  }
}