{
  "total_rounds": 500,
  "total_agents": 300,
  "final_cooperation_rate": 0.17666666666666667,
  "strategy_cooperation_rates": {
    "lra_q": 0.17666666666666667
  },
  "strategy_average_scores": {
    "lra_q": 416.9710344827579
  },
  "average_final_q_cooperate": 2.9212132003252163,
  "average_final_q_defect": 5.358567402511885
}