{
  "total_rounds": 500,
  "total_agents": 300,
  "final_cooperation_rate": 0.5866666666666667,
  "strategy_cooperation_rates": {
    "randomprob": 0.7133333333333334,
    "q_learning": 0.46
  },
  "strategy_average_scores": {
    "randomprob": 582.5744827586216,
    "q_learning": 647.6894252873572
  },
  "average_final_q_cooperate": 3.9510322406861396,
  "average_final_q_defect": 4.947814732416228
}