{
  "total_rounds": 500,
  "total_agents": 300,
  "final_cooperation_rate": 0.08333333333333333,
  "strategy_cooperation_rates": {
    "q_learning": 0.16666666666666666,
    "pavlov": 0.0
  },
  "strategy_average_scores": {
    "q_learning": 467.0160919540222,
    "pavlov": 306.69080459770106
  },
  "average_final_q_cooperate": 2.522476097535815,
  "average_final_q_defect": 4.675149237564912
}