{
  "total_rounds": 500,
  "total_agents": 300,
  "final_cooperation_rate": 0.023333333333333334,
  "strategy_cooperation_rates": {
    "ucb1_q": 0.0,
    "q_learning": 0.07
  },
  "strategy_average_scores": {
    "ucb1_q": 501.83620689655146,
    "q_learning": 433.47344827586204
  },
  "average_final_q_cooperate": 0.6418032681912691,
  "average_final_q_defect": 2.802214891108096
}