{
  "nodes": [
    0,
    1,
    2,
    3,
    4,
    5,
    6,
    7,
    8,
    9,
    10,
    11,
    12,
    13,
    14,
    15,
    16,
    17,
    18,
    19
  ],
  "edges": [
    [
      0,
      1
    ],
    [
      0,
      2
    ],
    [
      0,
      3
    ],
    [
      0,
      4
    ],
    [
      0,
      5
    ],
    [
      0,
      6
    ],
    [
      0,
      7
    ],
    [
      0,
      8
    ],
    [
      0,
      9
    ],
    [
      0,
      10
    ],
    [
      0,
      12
    ],
    [
      0,
      13
    ],
    [
      0,
      14
    ],
    [
      0,
      15
    ],
    [
      0,
      16
    ],
    [
      0,
      18
    ],
    [
      1,
      4
    ],
    [
      1,
      7
    ],
    [
      1,
      9
    ],
    [
      1,
      12
    ],
    [
      1,
      16
    ],
    [
      1,
      17
    ],
    [
      3,
      4
    ],
    [
      3,
      5
    ],
    [
      3,
      6
    ],
    [
      3,
      7
    ],
    [
      3,
      8
    ],
    [
      3,
      10
    ],
    [
      3,
      11
    ],
    [
      3,
      12
    ],
    [
      3,
      14
    ],
    [
      3,
      16
    ],
    [
      3,
      17
    ],
    [
      4,
      5
    ],
    [
      4,
      9
    ],
    [
      4,
      11
    ],
    [
      5,
      6
    ],
    [
      5,
      8
    ],
    [
      6,
      14
    ],
    [
      6,
      18
    ],
    [
      8,
      10
    ],
    [
      8,
      11
    ],
    [
      8,
      13
    ],
    [
      9,
      19
    ],
    [
      10,
      15
    ],
    [
      11,
      13
    ],
    [
      12,
      19
    ],
    [
      13,
      17
    ],
    [
      14,
      15
    ],
    [
      14,
      19
    ],
    [
      17,
      18
    ]
  ],
  "network_type": "scale_free",
  "network_params": {
    "m": 3
  },
  "metrics": {
    "num_nodes": 20,
    "num_edges": 51,
    "avg_degree": 5.1,
    "density": 0.26842105263157895,
    "avg_clustering": 0.40474025974025973,
    "avg_path_length": 1.8105263157894738,
    "diameter": 3
  }
}