scenario_name,run_number,agent_id,strategy,final_score,final_q_values_avg,full_q_values
ChrisTesting3AgentsTrialsNo6,9,0,q_learning,1145.5,"{'avg_cooperate': 8.922456480275024, 'avg_defect': 10.87030398754762}","{'initial': {'cooperate': 0.30000000000000004, 'defect': 0.0}, (1.0,): {'cooperate': 18.10660345023849, 'defect': 18.102180881606472}, (0.6,): {'cooperate': 14.428102312797888, 'defect': 15.53113051376113}, (0.2,): {'cooperate': 2.855120158063716, 'defect': 9.847904554822884}}"
ChrisTesting3AgentsTrialsNo6,9,1,q_learning,1636.5,"{'avg_cooperate': 12.012221515495979, 'avg_defect': 15.583111302593494}","{'initial': {'cooperate': 0.30000000000000004, 'defect': 0.0}, (1.0,): {'cooperate': 28.197744749544455, 'defect': 35.61505244389486}, (0.6,): {'cooperate': 16.684312053553533, 'defect': 25.130167454307912}, (0.2,): {'cooperate': 2.866829258885923, 'defect': 1.5872253121711957}}"
ChrisTesting3AgentsTrialsNo6,9,2,q_learning,1140.0,"{'avg_cooperate': 8.707189739242732, 'avg_defect': 10.579980066920607}","{'initial': {'cooperate': 0.30000000000000004, 'defect': 0.0}, (1.0,): {'cooperate': 17.891957796010303, 'defect': 17.859864985055978}, (0.6,): {'cooperate': 14.143758885738567, 'defect': 13.64943841727582}, (0.2,): {'cooperate': 2.493042275222056, 'defect': 10.810616865350633}}"
