scenario_name,run_number,agent_id,strategy,final_score,final_q_values_avg,full_q_values
ChrisTesting3AgentsTrialsNo6,3,0,q_learning,1049.0,"{'avg_cooperate': 9.134512987137608, 'avg_defect': 9.521991086850596}","{'initial': {'cooperate': 0.30000000000000004, 'defect': 0.0}, (1.0,): {'cooperate': 11.098510243706384, 'defect': 10.631195662109166}, (0.6,): {'cooperate': 15.62370288712027, 'defect': 20.838275642252718}, (0.2,): {'cooperate': 9.515838817723779, 'defect': 6.618493043040499}}"
ChrisTesting3AgentsTrialsNo6,3,1,q_learning,1145.5,"{'avg_cooperate': 10.13633848245469, 'avg_defect': 10.542651546037884}","{'initial': {'cooperate': 0.30000000000000004, 'defect': 0.0}, (1.0,): {'cooperate': 12.197761072140679, 'defect': 11.433073110913764}, (0.6,): {'cooperate': 19.2311979832195, 'defect': 25.577694310415115}, (0.2,): {'cooperate': 8.81639487445858, 'defect': 5.159838762822661}}"
ChrisTesting3AgentsTrialsNo6,3,2,q_learning,1619.5,"{'avg_cooperate': 13.31539453883502, 'avg_defect': 13.521102689489197}","{'initial': {'cooperate': 0.30000000000000004, 'defect': 0.0}, (1.0,): {'cooperate': 33.54713435793475, 'defect': 37.096701673885185}, (0.6,): {'cooperate': 15.319137446968115, 'defect': 14.053007838798804}, (0.2,): {'cooperate': 4.095306350437218, 'defect': 2.9347012452728016}}"
