scenario_name,run_number,agent_id,strategy,final_score,final_q_values_avg,full_q_values
ChrisTesting3AgentsTrialsNo6,2,0,q_learning,739.5,"{'avg_cooperate': 5.89176771594736, 'avg_defect': 5.869525683930642}","{'initial': {'cooperate': 0.30000000000000004, 'defect': 0.0}, (1.0,): {'cooperate': 2.9926626771225537, 'defect': 1.9178650652975817}, (0.6,): {'cooperate': 12.93605319581649, 'defect': 13.577122284539097}, (0.2,): {'cooperate': 7.3383549908504, 'defect': 7.98311538588589}}"
ChrisTesting3AgentsTrialsNo6,2,1,q_learning,999.5,"{'avg_cooperate': 7.665995402417989, 'avg_defect': 9.605402410905407}","{'initial': {'cooperate': 0.30000000000000004, 'defect': 0.0}, (1.0,): {'cooperate': 7.957515669459433, 'defect': 13.43579903089025}, (0.6,): {'cooperate': 16.674734244990876, 'defect': 20.679734398244737}, (0.2,): {'cooperate': 5.731731695221647, 'defect': 4.306076214486646}}"
ChrisTesting3AgentsTrialsNo6,2,2,q_learning,1888.0,"{'avg_cooperate': 14.880522450081447, 'avg_defect': 17.89015228118368}","{'initial': {'cooperate': 0.30000000000000004, 'defect': 0.0}, (1.0,): {'cooperate': 33.89005814815352, 'defect': 35.98098508940592}, (0.6,): {'cooperate': 22.930824307321036, 'defect': 27.066110427892884}, (0.2,): {'cooperate': 2.4012073448512297, 'defect': 8.51351360743592}}"
