scenario_name,run_number,agent_id,strategy,final_score,final_q_values_avg,full_q_values
ChrisTesting3AgentsTrialsNo4,2,0,lra_q,1134.0,"{'avg_cooperate': 10.246867041045974, 'avg_defect': 12.291408735391459}","{'initial': {'cooperate': 0.45000000000000007, 'defect': 0.0}, (1.0,): {'cooperate': 13.308418095941601, 'defect': 13.448778072165329}, (0.6,): {'cooperate': 12.269414344869716, 'defect': 11.165967932443088}, (0.2,): {'cooperate': 14.959635723372578, 'defect': 24.550888936957417}}"
ChrisTesting3AgentsTrialsNo4,2,1,lra_q,1213.5,"{'avg_cooperate': 12.038833097650775, 'avg_defect': 15.710355290638642}","{'initial': {'cooperate': 0.45000000000000007, 'defect': 0.0}, (1.0,): {'cooperate': 23.245938509061432, 'defect': 33.381757577010596}, (0.6,): {'cooperate': 14.153918604551261, 'defect': 27.350534918246733}, (0.2,): {'cooperate': 10.305475276990409, 'defect': 2.1091286672972407}}"
ChrisTesting3AgentsTrialsNo4,2,2,lra_q,1006.5,"{'avg_cooperate': 14.81421501003755, 'avg_defect': 11.531333940614848}","{'initial': {'cooperate': 0.45000000000000007, 'defect': 0.0}, (1.0,): {'cooperate': 30.537505525064983, 'defect': 30.682589241538295}, (0.6,): {'cooperate': 14.672438707126487, 'defect': 14.743202766373567}, (0.2,): {'cooperate': 13.596915807958734, 'defect': 0.6995437545475269}}"
