scenario_name,run_number,agent_id,strategy,final_score,final_q_values_avg,full_q_values
ChrisTesting3AgentsTrialsNo6,7,0,q_learning,976.5,"{'avg_cooperate': 8.481073559482436, 'avg_defect': 11.435876583715215}","{'initial': {'cooperate': 0.30000000000000004, 'defect': 0.0}, (1.0,): {'cooperate': 11.226482319764127, 'defect': 18.753479716305918}, (0.6,): {'cooperate': 14.550046418877734, 'defect': 16.49462206246462}, (0.2,): {'cooperate': 7.847765499287879, 'defect': 10.495404556090321}}"
ChrisTesting3AgentsTrialsNo6,7,1,q_learning,1159.0,"{'avg_cooperate': 10.560259667207278, 'avg_defect': 11.598676334334627}","{'initial': {'cooperate': 0.30000000000000004, 'defect': 0.0}, (1.0,): {'cooperate': 9.618092017010122, 'defect': 8.614817319542597}, (0.6,): {'cooperate': 21.786662275115006, 'defect': 22.752001009413412}, (0.2,): {'cooperate': 10.53628437670398, 'defect': 15.027887008382496}}"
ChrisTesting3AgentsTrialsNo6,7,2,q_learning,936.5,"{'avg_cooperate': 8.453343412321633, 'avg_defect': 8.801948068129752}","{'initial': {'cooperate': 0.30000000000000004, 'defect': 0.0}, (1.0,): {'cooperate': 6.444065370226389, 'defect': 3.4950717252175987}, (0.6,): {'cooperate': 13.97272138376914, 'defect': 15.987814972246248}, (0.2,): {'cooperate': 13.096586895291004, 'defect': 15.72490557505516}}"
