{
  "nodes": [
    0,
    1,
    2,
    3,
    4,
    5,
    6,
    7,
    8,
    9,
    10,
    11,
    12,
    13,
    14,
    15,
    16,
    17,
    18,
    19,
    20,
    21,
    22,
    23,
    24
  ],
  "edges": [
    [
      0,
      24
    ],
    [
      0,
      2
    ],
    [
      0,
      23
    ],
    [
      0,
      4
    ],
    [
      0,
      14
    ],
    [
      0,
      16
    ],
    [
      1,
      3
    ],
    [
      1,
      24
    ],
    [
      1,
      17
    ],
    [
      2,
      4
    ],
    [
      2,
      24
    ],
    [
      2,
      6
    ],
    [
      2,
      21
    ],
    [
      2,
      22
    ],
    [
      3,
      5
    ],
    [
      3,
      24
    ],
    [
      3,
      20
    ],
    [
      3,
      7
    ],
    [
      4,
      5
    ],
    [
      4,
      6
    ],
    [
      4,
      20
    ],
    [
      4,
      12
    ],
    [
      4,
      19
    ],
    [
      5,
      7
    ],
    [
      5,
      16
    ],
    [
      6,
      8
    ],
    [
      6,
      16
    ],
    [
      7,
      9
    ],
    [
      7,
      19
    ],
    [
      7,
      22
    ],
    [
      8,
      9
    ],
    [
      8,
      10
    ],
    [
      8,
      17
    ],
    [
      8,
      11
    ],
    [
      8,
      22
    ],
    [
      9,
      10
    ],
    [
      9,
      15
    ],
    [
      9,
      19
    ],
    [
      10,
      12
    ],
    [
      10,
      14
    ],
    [
      11,
      12
    ],
    [
      13,
      14
    ],
    [
      13,
      17
    ],
    [
      14,
      17
    ],
    [
      15,
      23
    ],
    [
      15,
      21
    ],
    [
      17,
      22
    ],
    [
      18,
      19
    ],
    [
      21,
      23
    ],
    [
      22,
      24
    ]
  ],
  "network_type": "small_world",
  "network_params": {
    "k": 4,
    "beta": 0.3
  },
  "metrics": {
    "num_nodes": 25,
    "num_edges": 50,
    "avg_degree": 4.0,
    "density": 0.16666666666666666,
    "avg_clustering": 0.2038095238095238,
    "avg_path_length": 2.3466666666666667,
    "diameter": 5
  }
}