{
  "nodes": [
    0,
    1,
    2,
    3,
    4,
    5,
    6,
    7,
    8,
    9,
    10,
    11,
    12,
    13,
    14,
    15,
    16,
    17,
    18,
    19
  ],
  "edges": [
    [
      0,
      1
    ],
    [
      0,
      2
    ],
    [
      0,
      3
    ],
    [
      0,
      4
    ],
    [
      0,
      10
    ],
    [
      0,
      13
    ],
    [
      1,
      4
    ],
    [
      1,
      7
    ],
    [
      1,
      10
    ],
    [
      2,
      5
    ],
    [
      2,
      6
    ],
    [
      2,
      7
    ],
    [
      2,
      14
    ],
    [
      2,
      15
    ],
    [
      2,
      17
    ],
    [
      3,
      4
    ],
    [
      3,
      5
    ],
    [
      3,
      6
    ],
    [
      3,
      7
    ],
    [
      3,
      8
    ],
    [
      3,
      9
    ],
    [
      3,
      12
    ],
    [
      3,
      16
    ],
    [
      3,
      18
    ],
    [
      3,
      19
    ],
    [
      4,
      5
    ],
    [
      4,
      6
    ],
    [
      4,
      8
    ],
    [
      4,
      9
    ],
    [
      4,
      11
    ],
    [
      4,
      16
    ],
    [
      4,
      18
    ],
    [
      4,
      19
    ],
    [
      5,
      10
    ],
    [
      6,
      11
    ],
    [
      6,
      18
    ],
    [
      7,
      8
    ],
    [
      7,
      9
    ],
    [
      7,
      11
    ],
    [
      7,
      12
    ],
    [
      7,
      14
    ],
    [
      7,
      15
    ],
    [
      8,
      14
    ],
    [
      9,
      17
    ],
    [
      10,
      13
    ],
    [
      11,
      12
    ],
    [
      11,
      17
    ],
    [
      11,
      19
    ],
    [
      12,
      13
    ],
    [
      12,
      16
    ],
    [
      13,
      15
    ]
  ],
  "network_type": "scale_free",
  "network_params": {
    "m": 3
  },
  "metrics": {
    "num_nodes": 20,
    "num_edges": 51,
    "avg_degree": 5.1,
    "density": 0.26842105263157895,
    "avg_clustering": 0.3538780663780664,
    "avg_path_length": 1.8842105263157896,
    "diameter": 3
  }
}