{
  "nodes": [
    0,
    1,
    2,
    3,
    4,
    5,
    6,
    7,
    8,
    9,
    10,
    11,
    12,
    13,
    14,
    15,
    16,
    17,
    18,
    19,
    20,
    21,
    22,
    23,
    24
  ],
  "edges": [
    [
      0,
      23
    ],
    [
      0,
      22
    ],
    [
      0,
      10
    ],
    [
      1,
      2
    ],
    [
      1,
      3
    ],
    [
      1,
      24
    ],
    [
      2,
      3
    ],
    [
      2,
      23
    ],
    [
      2,
      21
    ],
    [
      3,
      4
    ],
    [
      3,
      7
    ],
    [
      4,
      5
    ],
    [
      4,
      21
    ],
    [
      5,
      6
    ],
    [
      5,
      7
    ],
    [
      5,
      21
    ],
    [
      6,
      7
    ],
    [
      6,
      8
    ],
    [
      7,
      9
    ],
    [
      7,
      16
    ],
    [
      8,
      9
    ],
    [
      8,
      10
    ],
    [
      9,
      11
    ],
    [
      9,
      18
    ],
    [
      9,
      15
    ],
    [
      10,
      11
    ],
    [
      10,
      12
    ],
    [
      11,
      24
    ],
    [
      11,
      15
    ],
    [
      12,
      13
    ],
    [
      12,
      14
    ],
    [
      13,
      14
    ],
    [
      13,
      15
    ],
    [
      14,
      16
    ],
    [
      14,
      23
    ],
    [
      14,
      24
    ],
    [
      15,
      16
    ],
    [
      16,
      17
    ],
    [
      16,
      18
    ],
    [
      17,
      18
    ],
    [
      17,
      19
    ],
    [
      18,
      19
    ],
    [
      18,
      20
    ],
    [
      19,
      20
    ],
    [
      19,
      21
    ],
    [
      20,
      21
    ],
    [
      20,
      22
    ],
    [
      21,
      22
    ],
    [
      22,
      23
    ],
    [
      22,
      24
    ]
  ],
  "network_type": "small_world",
  "network_params": {
    "k": 4,
    "beta": 0.2
  },
  "metrics": {
    "num_nodes": 25,
    "num_edges": 50,
    "avg_degree": 4.0,
    "density": 0.16666666666666666,
    "avg_clustering": 0.23733333333333334,
    "avg_path_length": 2.433333333333333,
    "diameter": 5
  }
}