{
  "nodes": [
    0,
    1,
    2,
    3,
    4,
    5,
    6,
    7,
    8,
    9,
    10,
    11,
    12,
    13,
    14,
    15,
    16,
    17,
    18,
    19,
    20,
    21,
    22,
    23,
    24,
    25,
    26,
    27,
    28,
    29
  ],
  "edges": [
    [
      0,
      1
    ],
    [
      0,
      2
    ],
    [
      0,
      3
    ],
    [
      0,
      4
    ],
    [
      0,
      5
    ],
    [
      0,
      6
    ],
    [
      0,
      8
    ],
    [
      0,
      12
    ],
    [
      0,
      14
    ],
    [
      0,
      17
    ],
    [
      1,
      3
    ],
    [
      1,
      4
    ],
    [
      1,
      5
    ],
    [
      1,
      7
    ],
    [
      1,
      8
    ],
    [
      1,
      9
    ],
    [
      1,
      10
    ],
    [
      1,
      11
    ],
    [
      1,
      12
    ],
    [
      1,
      13
    ],
    [
      1,
      18
    ],
    [
      1,
      26
    ],
    [
      1,
      27
    ],
    [
      3,
      6
    ],
    [
      3,
      11
    ],
    [
      3,
      19
    ],
    [
      4,
      15
    ],
    [
      4,
      16
    ],
    [
      4,
      22
    ],
    [
      4,
      26
    ],
    [
      5,
      17
    ],
    [
      6,
      7
    ],
    [
      7,
      9
    ],
    [
      7,
      10
    ],
    [
      7,
      13
    ],
    [
      7,
      15
    ],
    [
      7,
      18
    ],
    [
      7,
      19
    ],
    [
      7,
      20
    ],
    [
      7,
      21
    ],
    [
      7,
      22
    ],
    [
      7,
      23
    ],
    [
      7,
      25
    ],
    [
      8,
      14
    ],
    [
      10,
      16
    ],
    [
      13,
      20
    ],
    [
      13,
      24
    ],
    [
      13,
      25
    ],
    [
      14,
      27
    ],
    [
      16,
      29
    ],
    [
      18,
      23
    ],
    [
      19,
      21
    ],
    [
      20,
      24
    ],
    [
      22,
      29
    ],
    [
      24,
      28
    ],
    [
      25,
      28
    ]
  ],
  "network_type": "scale_free",
  "network_params": {
    "m": 2
  },
  "metrics": {
    "num_nodes": 30,
    "num_edges": 56,
    "avg_degree": 3.7333333333333334,
    "density": 0.12873563218390804,
    "avg_clustering": 0.43004070004070005,
    "avg_path_length": 2.3977011494252873,
    "diameter": 5
  }
}