,always_defect,q_learning,pavlov,wolf_phc,lra_q,generous_tit_for_tat,tit_for_two_tats,hysteretic_q,suspicious_tit_for_tat,q_learning_adaptive,ucb1_q,always_cooperate,random,tit_for_tat
1,9.523809523809524,5.952380952380952,8.333333333333332,4.761904761904762,8.333333333333332,5.952380952380952,5.952380952380952,8.333333333333332,5.952380952380952,3.571428571428571,9.523809523809524,8.333333333333332,9.523809523809524,5.952380952380952
2,13.095238095238097,9.523809523809524,9.523809523809524,2.380952380952381,3.571428571428571,7.142857142857142,7.142857142857142,10.714285714285714,10.714285714285714,0.0,8.333333333333332,2.380952380952381,9.523809523809524,5.952380952380952
3,12.244897959183673,2.0408163265306123,12.244897959183673,2.0408163265306123,4.081632653061225,6.122448979591836,15.306122448979592,13.26530612244898,11.224489795918368,0.0,7.142857142857142,1.0204081632653061,7.142857142857142,6.122448979591836
4,11.607142857142858,2.6785714285714284,11.607142857142858,3.571428571428571,1.7857142857142856,9.821428571428571,18.75,14.285714285714285,8.928571428571429,0.0,12.5,0.0,1.7857142857142856,2.6785714285714284
5,11.320754716981133,1.8867924528301887,8.49056603773585,0.9433962264150944,0.9433962264150944,9.433962264150944,24.528301886792452,11.320754716981133,10.377358490566039,0.0,19.81132075471698,0.0,0.0,0.9433962264150944
