,strategy,count,avg_scenario_score,max_scenario_score,num_scenarios
4,tit_for_tat,113,1.853331366383528,2.100395364120903,2
3,random,32,1.6065568122751828,2.100395364120903,2
0,generous_tit_for_tat,173,1.5656693319364554,2.100395364120903,3
1,pavlov,32,1.4021194105815467,1.4021194105815467,1
2,q_learning,2,1.4021194105815467,1.4021194105815467,1
5,wolf_phc,1,1.4021194105815467,1.4021194105815467,1
