,wolf_phc,suspicious_tit_for_tat,tit_for_tat,always_defect,always_cooperate,tit_for_two_tats,hysteretic_q,ucb1_q,lra_q,q_learning,pavlov,generous_tit_for_tat,q_learning_adaptive,random
1,8.13953488372093,6.976744186046512,5.813953488372093,6.976744186046512,4.651162790697675,6.976744186046512,6.976744186046512,8.13953488372093,4.651162790697675,5.813953488372093,6.976744186046512,10.465116279069768,8.13953488372093,9.30232558139535
2,11.363636363636363,3.4090909090909087,9.090909090909092,4.545454545454546,1.1363636363636365,2.272727272727273,2.272727272727273,7.954545454545454,5.681818181818182,5.681818181818182,7.954545454545454,19.318181818181817,6.8181818181818175,12.5
3,10.126582278481013,0.0,18.9873417721519,0.0,0.0,0.0,0.0,2.5316455696202533,2.5316455696202533,10.126582278481013,10.126582278481013,32.91139240506329,2.5316455696202533,10.126582278481013
4,8.235294117647058,0.0,11.76470588235294,0.0,0.0,0.0,1.1764705882352942,0.0,2.3529411764705883,10.588235294117647,11.76470588235294,35.294117647058826,2.3529411764705883,16.470588235294116
5,6.25,0.0,15.625,0.0,0.0,0.0,0.0,0.0,0.0,11.458333333333332,13.541666666666666,31.25,0.0,21.875
