,random,q_learning_adaptive,generous_tit_for_tat,lra_q,hysteretic_q,tit_for_two_tats,pavlov,wolf_phc,always_defect,suspicious_tit_for_tat,always_cooperate,q_learning,tit_for_tat,ucb1_q
1,9.30232558139535,8.13953488372093,10.465116279069768,4.651162790697675,6.976744186046512,6.976744186046512,6.976744186046512,8.13953488372093,6.976744186046512,6.976744186046512,4.651162790697675,5.813953488372093,5.813953488372093,8.13953488372093
2,12.5,6.8181818181818175,19.318181818181817,5.681818181818182,2.272727272727273,2.272727272727273,7.954545454545454,11.363636363636363,4.545454545454546,3.4090909090909087,1.1363636363636365,5.681818181818182,9.090909090909092,7.954545454545454
3,10.126582278481013,2.5316455696202533,32.91139240506329,2.5316455696202533,0.0,0.0,10.126582278481013,10.126582278481013,0.0,0.0,0.0,10.126582278481013,18.9873417721519,2.5316455696202533
4,16.470588235294116,2.3529411764705883,35.294117647058826,2.3529411764705883,1.1764705882352942,0.0,11.76470588235294,8.235294117647058,0.0,0.0,0.0,10.588235294117647,11.76470588235294,0.0
5,21.875,0.0,31.25,0.0,0.0,0.0,13.541666666666666,6.25,0.0,0.0,0.0,11.458333333333332,15.625,0.0
