,ucb1_q,always_cooperate,always_defect,tit_for_tat,q_learning_adaptive,tit_for_two_tats,lra_q,hysteretic_q,suspicious_tit_for_tat,generous_tit_for_tat,q_learning,pavlov,wolf_phc,random
1,4.761904761904762,3.1746031746031744,6.349206349206349,7.936507936507936,19.047619047619047,7.936507936507936,9.523809523809524,3.1746031746031744,6.349206349206349,6.349206349206349,4.761904761904762,4.761904761904762,6.349206349206349,9.523809523809524
2,4.225352112676056,0.0,12.676056338028168,11.267605633802818,18.30985915492958,11.267605633802818,7.042253521126761,4.225352112676056,9.859154929577464,2.8169014084507045,2.8169014084507045,2.8169014084507045,4.225352112676056,8.450704225352112
3,5.555555555555555,0.0,19.444444444444446,15.277777777777779,20.833333333333336,5.555555555555555,4.166666666666666,1.3888888888888888,5.555555555555555,4.166666666666666,0.0,4.166666666666666,0.0,13.88888888888889
4,23.214285714285715,0.0,8.928571428571429,30.357142857142854,14.285714285714285,0.0,5.357142857142857,1.7857142857142856,0.0,0.0,0.0,7.142857142857142,0.0,8.928571428571429
5,18.75,0.0,0.0,29.6875,15.625,0.0,14.0625,4.6875,0.0,0.0,0.0,14.0625,0.0,3.125
