,wolf_phc,ucb1_q,suspicious_tit_for_tat,lra_q,q_learning_adaptive,hysteretic_q,tit_for_tat,always_cooperate,q_learning,always_defect,generous_tit_for_tat,tit_for_two_tats,random,pavlov
1,5.172413793103448,10.344827586206897,6.896551724137931,5.172413793103448,8.620689655172415,3.4482758620689653,5.172413793103448,6.896551724137931,8.620689655172415,8.620689655172415,6.896551724137931,10.344827586206897,10.344827586206897,3.4482758620689653
2,9.090909090909092,10.909090909090908,5.454545454545454,5.454545454545454,7.2727272727272725,3.6363636363636362,7.2727272727272725,5.454545454545454,18.181818181818183,7.2727272727272725,1.8181818181818181,12.727272727272727,5.454545454545454,0.0
3,5.172413793103448,10.344827586206897,0.0,3.4482758620689653,5.172413793103448,0.0,8.620689655172415,15.517241379310345,24.137931034482758,0.0,0.0,25.862068965517242,1.7241379310344827,0.0
4,0.0,6.25,0.0,0.0,6.25,1.5625,7.8125,23.4375,25.0,0.0,0.0,29.6875,0.0,0.0
5,0.0,8.333333333333332,0.0,0.0,1.3888888888888888,4.166666666666666,12.5,23.61111111111111,26.38888888888889,0.0,0.0,23.61111111111111,0.0,0.0
