,tit_for_tat,always_cooperate,wolf_phc,q_learning_adaptive,ucb1_q,tit_for_two_tats,always_defect,q_learning,pavlov,generous_tit_for_tat,lra_q,hysteretic_q,random,suspicious_tit_for_tat
1,5.813953488372093,4.651162790697675,8.13953488372093,8.13953488372093,8.13953488372093,6.976744186046512,6.976744186046512,5.813953488372093,6.976744186046512,10.465116279069768,4.651162790697675,6.976744186046512,9.30232558139535,6.976744186046512
2,9.090909090909092,1.1363636363636365,11.363636363636363,6.8181818181818175,7.954545454545454,2.272727272727273,4.545454545454546,5.681818181818182,7.954545454545454,19.318181818181817,5.681818181818182,2.272727272727273,12.5,3.4090909090909087
3,18.9873417721519,0.0,10.126582278481013,2.5316455696202533,2.5316455696202533,0.0,0.0,10.126582278481013,10.126582278481013,32.91139240506329,2.5316455696202533,0.0,10.126582278481013,0.0
4,11.76470588235294,0.0,8.235294117647058,2.3529411764705883,0.0,0.0,0.0,10.588235294117647,11.76470588235294,35.294117647058826,2.3529411764705883,1.1764705882352942,16.470588235294116,0.0
5,15.625,0.0,6.25,0.0,0.0,0.0,0.0,11.458333333333332,13.541666666666666,31.25,0.0,0.0,21.875,0.0
