,generous_tit_for_tat,tit_for_two_tats,q_learning,tit_for_tat,random,hysteretic_q,pavlov,always_cooperate,lra_q,q_learning_adaptive,suspicious_tit_for_tat,always_defect,wolf_phc,ucb1_q
1,6.896551724137931,10.344827586206897,8.620689655172415,5.172413793103448,10.344827586206897,3.4482758620689653,3.4482758620689653,6.896551724137931,5.172413793103448,8.620689655172415,6.896551724137931,8.620689655172415,5.172413793103448,10.344827586206897
2,1.8181818181818181,12.727272727272727,18.181818181818183,7.2727272727272725,5.454545454545454,3.6363636363636362,0.0,5.454545454545454,5.454545454545454,7.2727272727272725,5.454545454545454,7.2727272727272725,9.090909090909092,10.909090909090908
3,0.0,25.862068965517242,24.137931034482758,8.620689655172415,1.7241379310344827,0.0,0.0,15.517241379310345,3.4482758620689653,5.172413793103448,0.0,0.0,5.172413793103448,10.344827586206897
4,0.0,29.6875,25.0,7.8125,0.0,1.5625,0.0,23.4375,0.0,6.25,0.0,0.0,0.0,6.25
5,0.0,23.61111111111111,26.38888888888889,12.5,0.0,4.166666666666666,0.0,23.61111111111111,0.0,1.3888888888888888,0.0,0.0,0.0,8.333333333333332
