,tit_for_tat,pavlov,q_learning_adaptive,random,always_defect,q_learning,always_cooperate,tit_for_two_tats,ucb1_q,wolf_phc,generous_tit_for_tat,hysteretic_q,lra_q,suspicious_tit_for_tat
1,5.172413793103448,3.4482758620689653,8.620689655172415,10.344827586206897,8.620689655172415,8.620689655172415,6.896551724137931,10.344827586206897,10.344827586206897,5.172413793103448,6.896551724137931,3.4482758620689653,5.172413793103448,6.896551724137931
2,7.2727272727272725,0.0,7.2727272727272725,5.454545454545454,7.2727272727272725,18.181818181818183,5.454545454545454,12.727272727272727,10.909090909090908,9.090909090909092,1.8181818181818181,3.6363636363636362,5.454545454545454,5.454545454545454
3,8.620689655172415,0.0,5.172413793103448,1.7241379310344827,0.0,24.137931034482758,15.517241379310345,25.862068965517242,10.344827586206897,5.172413793103448,0.0,0.0,3.4482758620689653,0.0
4,7.8125,0.0,6.25,0.0,0.0,25.0,23.4375,29.6875,6.25,0.0,0.0,1.5625,0.0,0.0
5,12.5,0.0,1.3888888888888888,0.0,0.0,26.38888888888889,23.61111111111111,23.61111111111111,8.333333333333332,0.0,0.0,4.166666666666666,0.0,0.0
