,name,score,avg_pattern_complexity,avg_network_clustering,avg_strategy_dominance,avg_final_coop_rate,avg_score_variance,avg_social_welfare,avg_coop_volatility,avg_strategy_countering,avg_coop_rate_change,avg_equilibrium_stability
0,Evo_1744558684_3004_1,0.4984155700157728,0.23170016873258642,0.0,0.0,0.0,0.0,1.0,0.06200821539565381,1.0,-0.7857142857142858,0.0
1,Evo_1744558680_8844_2,0.48445286704049095,0.21713528511362132,0.0,0.0,0.0,0.0,1.0,0.0752933067924225,1.0,-0.6666666666666666,0.11575020090222476
2,Evo_1744558682_4559_3,0.46215624435925085,0.24928781655320553,0.0,0.0,0.0,0.0,1.0,0.053820630197949415,1.0,-0.7160493827160493,0.5743314464393985
3,Evo_1744558678_9378_4,0.42320491337116967,0.20972823753210187,0.0,0.0,0.0,0.0,1.0,0.05312319746010208,1.0,-0.6166666666666666,0.9893799906393678
4,GeneratedScenario_0014_5,0.41119166524993483,0.2778092364362854,0.0,0.8282548476454293,0.2833333333333334,0.19540787747178126,1.5622807017543858,0.08680706288031248,0.3333333333333334,-0.6833333333333332,0.2400979261786287
