,name,score,avg_coop_rate_change,avg_coop_volatility,avg_final_coop_rate,avg_social_welfare,avg_pattern_complexity,avg_equilibrium_stability,avg_network_clustering,avg_strategy_countering,avg_score_variance,avg_strategy_dominance
0,Evo_1744501970_4378,2.100395364120903,0.0036231884057971175,0.009001635005244474,0.9891304347826088,361.0326086956522,0.009423020110275734,0.050524832797805064,0.0,0.3333333333333333,371.3991769547324,31.666666666666668
1,Evo_1744501970_4378,2.0574793244481344,-0.0036231884057971175,0.008687009456148498,0.9855072463768115,360.04347826086956,0.009300161712766113,0.0639414159775954,0.0,0.0,445.679012345679,42.22222222222223
2,Evo_1744501967_8008,1.4021194105815467,-0.02898550724637679,0.009130232667002497,0.9710144927536232,201.9903381642512,0.010785057016641,0.11954737842273482,0.0,0.3307809522610527,2774.8133333333335,114.83333333333333
3,GeneratedScenario_0021,1.1400651294674164,0.013333333333333345,0.034627033746889996,0.8866666666666667,179.34,0.03658266903264388,0.002190666197238215,0.0,1.1102230246251565e-16,134.3555226824457,23.1025641025641
4,GeneratedScenario_0021,1.1282874310642772,-0.08000000000000003,0.03477311401646133,0.8266666666666667,170.51999999999998,0.036503346230206894,0.012687159552692026,0.0,1.1102230246251565e-16,313.03451676528584,35.33333333333332
