{
  "nodes": [
    0,
    1,
    2,
    3,
    4,
    5,
    6,
    7,
    8,
    9,
    10,
    11,
    12,
    13,
    14,
    15,
    16,
    17,
    18,
    19,
    20,
    21,
    22,
    23,
    24,
    25,
    26,
    27,
    28,
    29
  ],
  "edges": [
    [
      0,
      1
    ],
    [
      0,
      2
    ],
    [
      0,
      3
    ],
    [
      0,
      7
    ],
    [
      0,
      8
    ],
    [
      0,
      10
    ],
    [
      0,
      11
    ],
    [
      0,
      13
    ],
    [
      0,
      14
    ],
    [
      0,
      19
    ],
    [
      0,
      22
    ],
    [
      0,
      26
    ],
    [
      0,
      29
    ],
    [
      1,
      5
    ],
    [
      1,
      6
    ],
    [
      1,
      18
    ],
    [
      2,
      3
    ],
    [
      2,
      4
    ],
    [
      2,
      5
    ],
    [
      2,
      6
    ],
    [
      2,
      9
    ],
    [
      2,
      12
    ],
    [
      2,
      16
    ],
    [
      2,
      26
    ],
    [
      2,
      27
    ],
    [
      3,
      4
    ],
    [
      3,
      8
    ],
    [
      3,
      9
    ],
    [
      3,
      10
    ],
    [
      3,
      13
    ],
    [
      3,
      19
    ],
    [
      3,
      20
    ],
    [
      3,
      23
    ],
    [
      3,
      25
    ],
    [
      4,
      12
    ],
    [
      4,
      21
    ],
    [
      5,
      17
    ],
    [
      5,
      23
    ],
    [
      6,
      7
    ],
    [
      6,
      24
    ],
    [
      8,
      11
    ],
    [
      8,
      20
    ],
    [
      10,
      22
    ],
    [
      11,
      16
    ],
    [
      11,
      18
    ],
    [
      12,
      15
    ],
    [
      13,
      14
    ],
    [
      13,
      25
    ],
    [
      13,
      29
    ],
    [
      14,
      15
    ],
    [
      14,
      24
    ],
    [
      15,
      27
    ],
    [
      16,
      17
    ],
    [
      17,
      28
    ],
    [
      18,
      21
    ],
    [
      27,
      28
    ]
  ],
  "network_type": "scale_free",
  "network_params": {
    "m": 2
  },
  "metrics": {
    "num_nodes": 30,
    "num_edges": 56,
    "avg_degree": 3.7333333333333334,
    "density": 0.12873563218390804,
    "avg_clustering": 0.3323206423206423,
    "avg_path_length": 2.4160919540229884,
    "diameter": 4
  }
}