scenario_name,run_number,agent_id,strategy,final_score,final_q_values_avg,full_q_values
ChrisTesting3AgentsTrialsNo6,4,0,q_learning,846.5,"{'avg_cooperate': 7.617163047071262, 'avg_defect': 8.189127449463369}","{'initial': {'cooperate': 0.30000000000000004, 'defect': 0.0}, (1.0,): {'cooperate': 5.312181082440382, 'defect': 2.518193559706668}, (0.6,): {'cooperate': 17.311238512563477, 'defect': 18.7592973961529}, (0.2,): {'cooperate': 7.545232593281186, 'defect': 11.479018841993911}}"
ChrisTesting3AgentsTrialsNo6,4,1,q_learning,1187.5,"{'avg_cooperate': 10.23968755835557, 'avg_defect': 12.932352080557344}","{'initial': {'cooperate': 0.30000000000000004, 'defect': 0.0}, (1.0,): {'cooperate': 8.586665863413545, 'defect': 13.826076754344554}, (0.6,): {'cooperate': 20.140417547362013, 'defect': 21.958826924527383}, (0.2,): {'cooperate': 11.931666822646722, 'defect': 15.944504643357437}}"
ChrisTesting3AgentsTrialsNo6,4,2,q_learning,867.0,"{'avg_cooperate': 6.817326119898521, 'avg_defect': 8.840478897939763}","{'initial': {'cooperate': 0.30000000000000004, 'defect': 0.0}, (1.0,): {'cooperate': 3.3259925376971813, 'defect': 6.6447053732439025}, (0.2,): {'cooperate': 14.11691898801812, 'defect': 16.245308938819832}, (0.6,): {'cooperate': 9.526392953878783, 'defect': 12.471901279695318}}"
