scenario_name,run_number,agent_id,strategy,final_score,final_q_values_avg,full_q_values
ChrisTesting3AgentsTrialsNo4,0,0,lra_q,1390.5,"{'avg_cooperate': 13.645735600153223, 'avg_defect': 8.709057699163612}","{'initial': {'cooperate': 0.45000000000000007, 'defect': 0.0}, (1.0,): {'cooperate': 19.89289999998185, 'defect': 2.18804277270534}, (0.6,): {'cooperate': 30.437058775407397, 'defect': 32.64818802394911}, (0.2,): {'cooperate': 3.8029836252236495, 'defect': 0.0}}"
ChrisTesting3AgentsTrialsNo4,0,1,lra_q,1315.5,"{'avg_cooperate': 12.637118799998081, 'avg_defect': 14.151651752818474}","{'initial': {'cooperate': 0.45000000000000007, 'defect': 0.0}, (1.0,): {'cooperate': 16.271426414896517, 'defect': 1.0007078054432783}, (0.6,): {'cooperate': 24.489569691892893, 'defect': 31.48121848796111}, (0.2,): {'cooperate': 9.33747909320292, 'defect': 24.1246807178695}}"
ChrisTesting3AgentsTrialsNo4,0,2,lra_q,1056.0,"{'avg_cooperate': 11.230443526803336, 'avg_defect': 10.163247995862235}","{'initial': {'cooperate': 0.45000000000000007, 'defect': 0.0}, (1.0,): {'cooperate': 27.924561119907807, 'defect': 35.485831633728075}, (0.6,): {'cooperate': 13.942344966813241, 'defect': 4.797585016271848}, (0.2,): {'cooperate': 2.6048680204922974, 'defect': 0.36957533344901905}}"
