{
  "nodes": [
    0,
    1,
    2,
    3,
    4,
    5,
    6,
    7,
    8,
    9,
    10,
    11,
    12,
    13,
    14,
    15,
    16,
    17,
    18,
    19,
    20,
    21,
    22,
    23,
    24,
    25,
    26,
    27,
    28,
    29
  ],
  "edges": [
    [
      0,
      1
    ],
    [
      0,
      2
    ],
    [
      0,
      3
    ],
    [
      0,
      4
    ],
    [
      0,
      5
    ],
    [
      0,
      6
    ],
    [
      0,
      7
    ],
    [
      0,
      17
    ],
    [
      0,
      23
    ],
    [
      0,
      24
    ],
    [
      1,
      3
    ],
    [
      1,
      5
    ],
    [
      1,
      7
    ],
    [
      1,
      8
    ],
    [
      1,
      9
    ],
    [
      1,
      15
    ],
    [
      1,
      21
    ],
    [
      1,
      22
    ],
    [
      2,
      10
    ],
    [
      2,
      12
    ],
    [
      2,
      14
    ],
    [
      2,
      29
    ],
    [
      3,
      4
    ],
    [
      3,
      6
    ],
    [
      3,
      8
    ],
    [
      3,
      9
    ],
    [
      3,
      11
    ],
    [
      3,
      13
    ],
    [
      3,
      14
    ],
    [
      3,
      25
    ],
    [
      5,
      11
    ],
    [
      5,
      12
    ],
    [
      5,
      13
    ],
    [
      5,
      15
    ],
    [
      5,
      18
    ],
    [
      5,
      19
    ],
    [
      6,
      17
    ],
    [
      6,
      18
    ],
    [
      7,
      20
    ],
    [
      7,
      22
    ],
    [
      8,
      10
    ],
    [
      8,
      26
    ],
    [
      10,
      16
    ],
    [
      11,
      19
    ],
    [
      11,
      28
    ],
    [
      13,
      23
    ],
    [
      15,
      16
    ],
    [
      15,
      28
    ],
    [
      17,
      27
    ],
    [
      19,
      20
    ],
    [
      19,
      24
    ],
    [
      19,
      25
    ],
    [
      20,
      21
    ],
    [
      21,
      26
    ],
    [
      23,
      27
    ],
    [
      26,
      29
    ]
  ],
  "network_type": "scale_free",
  "network_params": {
    "m": 2
  },
  "metrics": {
    "num_nodes": 30,
    "num_edges": 56,
    "avg_degree": 3.7333333333333334,
    "density": 0.12873563218390804,
    "avg_clustering": 0.1715343915343915,
    "avg_path_length": 2.475862068965517,
    "diameter": 5
  }
}