scenario_name,run_number,agent_id,strategy,final_score,final_q_values_avg,full_q_values
ChrisTesting3AgentsTrialsNo6,0,0,q_learning,971.0,"{'avg_cooperate': 8.475711577813819, 'avg_defect': 11.348316864970093}","{'initial': {'cooperate': 0.30000000000000004, 'defect': 0.0}, (1.0,): {'cooperate': 12.613543637035011, 'defect': 21.149775474072012}, (0.6,): {'cooperate': 9.26430077179052, 'defect': 10.270390075780965}, (0.2,): {'cooperate': 11.725001902429742, 'defect': 13.973101910027395}}"
ChrisTesting3AgentsTrialsNo6,0,1,q_learning,1147.5,"{'avg_cooperate': 10.178367190262483, 'avg_defect': 11.366812063251253}","{'initial': {'cooperate': 0.30000000000000004, 'defect': 0.0}, (1.0,): {'cooperate': 11.682046494835454, 'defect': 9.035379152453372}, (0.6,): {'cooperate': 19.640891742890496, 'defect': 21.882603398642132}, (0.2,): {'cooperate': 9.090530523323983, 'defect': 14.549265701909501}}"
ChrisTesting3AgentsTrialsNo6,0,2,q_learning,880.5,"{'avg_cooperate': 7.8561244154930305, 'avg_defect': 8.727757084332769}","{'initial': {'cooperate': 0.30000000000000004, 'defect': 0.0}, (1.0,): {'cooperate': 7.2155145321427785, 'defect': 4.959844840189255}, (0.6,): {'cooperate': 11.445774211718014, 'defect': 14.471343026537006}, (0.2,): {'cooperate': 12.46320891811133, 'defect': 15.479840470604815}}"
