scenario_name,run_number,agent_id,strategy,final_score,final_q_values_avg,full_q_values
ChrisTesting3AgentsTrialsNo6,6,0,q_learning,863.0,"{'avg_cooperate': 6.819225222845736, 'avg_defect': 8.247053107933128}","{'initial': {'cooperate': 0.30000000000000004, 'defect': 0.0}, (1.0,): {'cooperate': 2.488712633257422, 'defect': 2.5182373689164232}, (0.6,): {'cooperate': 15.03768292261335, 'defect': 18.12862349209291}, (0.2,): {'cooperate': 9.45050533551217, 'defect': 12.341351570723178}}"
ChrisTesting3AgentsTrialsNo6,6,1,q_learning,861.5,"{'avg_cooperate': 6.20257063758822, 'avg_defect': 8.984505384760219}","{'initial': {'cooperate': 0.30000000000000004, 'defect': 0.0}, (1.0,): {'cooperate': 4.5358412212730075, 'defect': 10.646082399589124}, (0.6,): {'cooperate': 13.688595746095618, 'defect': 16.69052857624026}, (0.2,): {'cooperate': 6.285845582984253, 'defect': 8.601410563211486}}"
ChrisTesting3AgentsTrialsNo6,6,2,q_learning,1579.5,"{'avg_cooperate': 14.443163962994078, 'avg_defect': 16.79952218379086}","{'initial': {'cooperate': 0.30000000000000004, 'defect': 0.0}, (1.0,): {'cooperate': 25.29092105817442, 'defect': 27.72832278597437}, (0.6,): {'cooperate': 22.839551144043103, 'defect': 25.12522488576114}, (0.2,): {'cooperate': 9.342183649758786, 'defect': 14.344541063427924}}"
