Metric,Value
num_agents,6
num_rounds,500
average_cooperation,0.49566666666666664

Agent Stats
agent_id,total_score,cooperation_rate
0,1125.7999999999988,0.488
1,1689.6000000000047,0.0
2,592.200000000002,1.0
3,1127.999999999999,0.486
4,1689.6000000000047,0.0
5,592.200000000002,1.0
