{
  "total_rounds": 500,
  "total_agents": 400,
  "final_cooperation_rate": 0.845,
  "strategy_cooperation_rates": {
    "lra_q": 0.78,
    "hysteretic_q": 0.9466666666666667,
    "tit_for_tat": 0.79
  },
  "strategy_average_scores": {
    "lra_q": 896.7518957264956,
    "hysteretic_q": 900.7835677350429,
    "tit_for_tat": 904.3267955128206
  },
  "average_final_q_cooperate": 8.713796978338623,
  "average_final_q_defect": 6.027457136211495
}