{
  "total_rounds": 500,
  "total_agents": 300,
  "final_cooperation_rate": 0.6066666666666667,
  "strategy_cooperation_rates": {
    "lra_q": 0.31333333333333335,
    "tit_for_two_tats": 0.9
  },
  "strategy_average_scores": {
    "lra_q": 405.8411494252871,
    "tit_for_two_tats": 214.76229885057566
  },
  "average_final_q_cooperate": 2.8410809922717224,
  "average_final_q_defect": 4.735511564823366
}