{
  "nodes": [
    0,
    1,
    2,
    3,
    4,
    5,
    6,
    7,
    8,
    9,
    10,
    11,
    12,
    13,
    14,
    15,
    16,
    17,
    18,
    19,
    20,
    21,
    22,
    23,
    24,
    25,
    26,
    27,
    28,
    29
  ],
  "edges": [
    [
      0,
      1
    ],
    [
      0,
      2
    ],
    [
      0,
      4
    ],
    [
      0,
      5
    ],
    [
      0,
      9
    ],
    [
      0,
      11
    ],
    [
      0,
      14
    ],
    [
      0,
      19
    ],
    [
      0,
      24
    ],
    [
      0,
      26
    ],
    [
      1,
      3
    ],
    [
      1,
      4
    ],
    [
      1,
      6
    ],
    [
      1,
      15
    ],
    [
      1,
      20
    ],
    [
      2,
      3
    ],
    [
      2,
      5
    ],
    [
      2,
      13
    ],
    [
      2,
      16
    ],
    [
      2,
      18
    ],
    [
      2,
      23
    ],
    [
      2,
      27
    ],
    [
      3,
      13
    ],
    [
      3,
      25
    ],
    [
      4,
      7
    ],
    [
      4,
      10
    ],
    [
      4,
      12
    ],
    [
      4,
      14
    ],
    [
      4,
      16
    ],
    [
      4,
      20
    ],
    [
      5,
      6
    ],
    [
      5,
      7
    ],
    [
      5,
      12
    ],
    [
      5,
      27
    ],
    [
      5,
      29
    ],
    [
      6,
      8
    ],
    [
      6,
      10
    ],
    [
      6,
      17
    ],
    [
      7,
      8
    ],
    [
      7,
      9
    ],
    [
      7,
      24
    ],
    [
      8,
      11
    ],
    [
      8,
      15
    ],
    [
      8,
      18
    ],
    [
      8,
      19
    ],
    [
      8,
      21
    ],
    [
      8,
      25
    ],
    [
      9,
      28
    ],
    [
      10,
      21
    ],
    [
      10,
      22
    ],
    [
      12,
      23
    ],
    [
      14,
      17
    ],
    [
      14,
      22
    ],
    [
      15,
      28
    ],
    [
      17,
      26
    ],
    [
      25,
      29
    ]
  ],
  "network_type": "scale_free",
  "network_params": {
    "m": 2
  },
  "metrics": {
    "num_nodes": 30,
    "num_edges": 56,
    "avg_degree": 3.7333333333333334,
    "density": 0.12873563218390804,
    "avg_clustering": 0.1280952380952381,
    "avg_path_length": 2.406896551724138,
    "diameter": 4
  }
}