{
  "nodes": [
    0,
    1,
    2,
    3,
    4,
    5,
    6,
    7,
    8,
    9,
    10,
    11,
    12,
    13,
    14,
    15,
    16,
    17,
    18,
    19,
    20,
    21,
    22,
    23,
    24,
    25,
    26,
    27,
    28,
    29
  ],
  "edges": [
    [
      0,
      1
    ],
    [
      0,
      2
    ],
    [
      0,
      3
    ],
    [
      0,
      4
    ],
    [
      0,
      5
    ],
    [
      0,
      7
    ],
    [
      0,
      10
    ],
    [
      0,
      11
    ],
    [
      0,
      16
    ],
    [
      0,
      18
    ],
    [
      0,
      20
    ],
    [
      0,
      21
    ],
    [
      0,
      25
    ],
    [
      1,
      3
    ],
    [
      1,
      4
    ],
    [
      1,
      5
    ],
    [
      1,
      6
    ],
    [
      1,
      9
    ],
    [
      1,
      10
    ],
    [
      1,
      13
    ],
    [
      1,
      14
    ],
    [
      1,
      15
    ],
    [
      1,
      16
    ],
    [
      1,
      17
    ],
    [
      1,
      22
    ],
    [
      1,
      23
    ],
    [
      2,
      6
    ],
    [
      2,
      28
    ],
    [
      3,
      25
    ],
    [
      4,
      7
    ],
    [
      4,
      11
    ],
    [
      4,
      12
    ],
    [
      4,
      19
    ],
    [
      5,
      8
    ],
    [
      5,
      9
    ],
    [
      5,
      17
    ],
    [
      5,
      19
    ],
    [
      5,
      21
    ],
    [
      5,
      23
    ],
    [
      6,
      8
    ],
    [
      6,
      15
    ],
    [
      6,
      18
    ],
    [
      8,
      12
    ],
    [
      8,
      13
    ],
    [
      9,
      14
    ],
    [
      9,
      24
    ],
    [
      9,
      28
    ],
    [
      10,
      22
    ],
    [
      10,
      27
    ],
    [
      11,
      20
    ],
    [
      11,
      24
    ],
    [
      11,
      27
    ],
    [
      12,
      29
    ],
    [
      21,
      26
    ],
    [
      22,
      26
    ],
    [
      22,
      29
    ]
  ],
  "network_type": "scale_free",
  "network_params": {
    "m": 2
  },
  "metrics": {
    "num_nodes": 30,
    "num_edges": 56,
    "avg_degree": 3.7333333333333334,
    "density": 0.12873563218390804,
    "avg_clustering": 0.3542551892551893,
    "avg_path_length": 2.3057471264367817,
    "diameter": 4
  }
}