{
  "pairwise_cooperation": [
    0.375,
    0.3625,
    0.42500000000000004,
    0.3875,
    0.375
  ],
  "nperson_cooperation": [
    0.15000000000000002,
    0.15000000000000002,
    0.2,
    0.25,
    0.15000000000000002
  ],
  "summary": {
    "pairwise_avg": 0.385,
    "nperson_avg": 0.18000000000000002,
    "difference": 0.205
  }
}