scenario_name,run_number,agent_id,strategy,final_score,final_q_values_avg,full_q_values
ChrisTesting3AgentsTrialsNo4,6,0,lra_q,1248.5,"{'avg_cooperate': 12.037645205299002, 'avg_defect': 15.822071396511827}","{'initial': {'cooperate': 0.45000000000000007, 'defect': 0.0}, (1.0,): {'cooperate': 14.937788933502503, 'defect': 1.940237123981102}, (0.6,): {'cooperate': 22.46705448464622, 'defect': 30.36540593203589}, (0.2,): {'cooperate': 10.295737403047289, 'defect': 30.982642530030322}}"
ChrisTesting3AgentsTrialsNo4,6,1,lra_q,882.0,"{'avg_cooperate': 5.94753591016411, 'avg_defect': 7.7028118008245645}","{'initial': {'cooperate': 0.45000000000000007, 'defect': 0.0}, (1.0,): {'cooperate': 5.44916401929414, 'defect': 26.935846756706383}, (0.6,): {'cooperate': 14.646297237015983, 'defect': 2.280037175603999}, (0.2,): {'cooperate': 3.2446823843463153, 'defect': 1.595363270987875}}"
ChrisTesting3AgentsTrialsNo4,6,2,lra_q,1520.5,"{'avg_cooperate': 12.01302938931224, 'avg_defect': 11.071646338393313}","{'initial': {'cooperate': 0.45000000000000007, 'defect': 0.0}, (1.0,): {'cooperate': 20.1346703209111, 'defect': 12.158987132893525}, (0.6,): {'cooperate': 25.173025745262883, 'defect': 31.75898882067973}, (0.2,): {'cooperate': 2.294421491074984, 'defect': 0.3686094}}"
