{
  "pairwise_cooperation": [
    0.4,
    0.47500000000000003,
    0.30000000000000004,
    0.3,
    0.2875
  ],
  "nperson_cooperation": [
    0.1,
    0.25,
    0.2,
    0.1,
    0.15000000000000002
  ],
  "summary": {
    "pairwise_avg": 0.35250000000000004,
    "nperson_avg": 0.16,
    "difference": 0.19250000000000003
  }
}