{
  "nodes": [
    0,
    1,
    2,
    3,
    4,
    5,
    6,
    7,
    8,
    9,
    10,
    11,
    12,
    13,
    14,
    15,
    16,
    17,
    18,
    19,
    20,
    21,
    22,
    23,
    24
  ],
  "edges": [
    [
      0,
      1
    ],
    [
      0,
      24
    ],
    [
      0,
      2
    ],
    [
      0,
      17
    ],
    [
      0,
      19
    ],
    [
      0,
      18
    ],
    [
      1,
      2
    ],
    [
      1,
      24
    ],
    [
      1,
      22
    ],
    [
      1,
      3
    ],
    [
      1,
      21
    ],
    [
      1,
      4
    ],
    [
      2,
      4
    ],
    [
      2,
      21
    ],
    [
      2,
      19
    ],
    [
      2,
      17
    ],
    [
      3,
      5
    ],
    [
      3,
      16
    ],
    [
      4,
      23
    ],
    [
      4,
      15
    ],
    [
      5,
      14
    ],
    [
      5,
      10
    ],
    [
      6,
      7
    ],
    [
      6,
      9
    ],
    [
      6,
      20
    ],
    [
      7,
      9
    ],
    [
      7,
      19
    ],
    [
      7,
      22
    ],
    [
      8,
      9
    ],
    [
      8,
      10
    ],
    [
      8,
      20
    ],
    [
      9,
      10
    ],
    [
      9,
      18
    ],
    [
      10,
      14
    ],
    [
      10,
      24
    ],
    [
      11,
      13
    ],
    [
      11,
      15
    ],
    [
      12,
      14
    ],
    [
      12,
      15
    ],
    [
      14,
      18
    ],
    [
      14,
      22
    ],
    [
      15,
      20
    ],
    [
      16,
      17
    ],
    [
      16,
      18
    ],
    [
      18,
      22
    ],
    [
      18,
      23
    ],
    [
      19,
      23
    ],
    [
      21,
      22
    ],
    [
      21,
      23
    ],
    [
      23,
      24
    ]
  ],
  "network_type": "small_world",
  "network_params": {
    "k": 4,
    "beta": 0.3
  },
  "metrics": {
    "num_nodes": 25,
    "num_edges": 50,
    "avg_degree": 4.0,
    "density": 0.16666666666666666,
    "avg_clustering": 0.16152380952380951,
    "avg_path_length": 2.51,
    "diameter": 6
  }
}