{
  "nodes": [
    0,
    1,
    2,
    3,
    4,
    5,
    6,
    7,
    8,
    9,
    10,
    11,
    12,
    13,
    14,
    15,
    16,
    17,
    18,
    19
  ],
  "edges": [
    [
      0,
      1
    ],
    [
      0,
      2
    ],
    [
      0,
      4
    ],
    [
      0,
      17
    ],
    [
      1,
      3
    ],
    [
      1,
      5
    ],
    [
      2,
      3
    ],
    [
      3,
      4
    ],
    [
      3,
      5
    ],
    [
      3,
      6
    ],
    [
      3,
      7
    ],
    [
      3,
      8
    ],
    [
      3,
      9
    ],
    [
      3,
      10
    ],
    [
      3,
      11
    ],
    [
      3,
      12
    ],
    [
      3,
      13
    ],
    [
      3,
      14
    ],
    [
      3,
      15
    ],
    [
      3,
      16
    ],
    [
      3,
      18
    ],
    [
      3,
      19
    ],
    [
      5,
      6
    ],
    [
      5,
      7
    ],
    [
      6,
      8
    ],
    [
      6,
      9
    ],
    [
      6,
      10
    ],
    [
      6,
      13
    ],
    [
      6,
      14
    ],
    [
      9,
      12
    ],
    [
      10,
      11
    ],
    [
      12,
      19
    ],
    [
      13,
      15
    ],
    [
      13,
      17
    ],
    [
      13,
      18
    ],
    [
      15,
      16
    ]
  ],
  "network_type": "scale_free",
  "network_params": {
    "m": 2
  },
  "metrics": {
    "num_nodes": 20,
    "num_edges": 36,
    "avg_degree": 3.6,
    "density": 0.18947368421052632,
    "avg_clustering": 0.5594327731092437,
    "avg_path_length": 1.9263157894736842,
    "diameter": 3
  }
}